INSERT INTO CARD (id, number, balance, type, description) VALUES (S_CARD_ID.NEXTVAL, '7771', 10000.00, 'VISA', 'Visa Classic');

INSERT INTO STUDENT_CLASS(id, name, card) VALUES (S_STUDENT_CLASS_ID.NEXTVAL, 'Школа №1, Класс 1А', 1);

INSERT INTO CC_USER (id, login, password, student_class, description, role, deleted) VALUES (S_USER_ID.NEXTVAL, 'test',  'a94a8fe5ccb19ba61c4c0873d391e987982fbbd3', 1,'Test Class Member', 'CLASS_MEMBER', 0);
INSERT INTO CC_USER (id, login, password, student_class, description, role, deleted) VALUES (S_USER_ID.NEXTVAL, 'testa', 'a94a8fe5ccb19ba61c4c0873d391e987982fbbd3', 1,'Test Class Admin', 'CLASS_ADMIN', 0);
INSERT INTO CC_USER (id, login, password, description, role, deleted) VALUES (S_USER_ID.NEXTVAL, 'admin', 'd033e22ae348aeb5660fc2140aec35850c4da997', 'Admin', 'ADMIN', 0);

INSERT INTO CARD_OPERATION (id, card, type, amount, description, mcc, date) VALUES (S_CARD_OP_ID.NEXTVAL, 1, 'EXPENSE', -1500.00, 'Тетради',   '7395', sysdate);
INSERT INTO CARD_OPERATION (id, card, type, amount, description, mcc, date) VALUES (S_CARD_OP_ID.NEXTVAL, 1, 'EXPENSE', -2500.00, 'Учебники',  '7395', sysdate);
INSERT INTO CARD_OPERATION (id, card, type, amount, description, mcc, date) VALUES (S_CARD_OP_ID.NEXTVAL, 1, 'EXPENSE', -3500.00, 'Театр',     '7929', sysdate);
INSERT INTO CARD_OPERATION (id, card, type, amount, description, mcc, date) VALUES (S_CARD_OP_ID.NEXTVAL, 1, 'EXPENSE', -4500.00, 'Экскурсия', '7929', sysdate);
INSERT INTO CARD_OPERATION (id, card, type, amount, description, mcc, date) VALUES (S_CARD_OP_ID.NEXTVAL, 1, 'EXPENSE', -1000.00, 'Тетради',   '7395', sysdate);
INSERT INTO CARD_OPERATION (id, card, type, amount, description, mcc, date) VALUES (S_CARD_OP_ID.NEXTVAL, 1, 'EXPENSE', -2000.00, 'Учебники',  '5972', sysdate);
INSERT INTO CARD_OPERATION (id, card, type, amount, description, mcc, date) VALUES (S_CARD_OP_ID.NEXTVAL, 1, 'EXPENSE', -3000.00, 'Экскурсия', '5972', sysdate);
INSERT INTO CARD_OPERATION (id, card, type, amount, description, mcc, date) VALUES (S_CARD_OP_ID.NEXTVAL, 1, 'EXPENSE', -4000.00, 'Театр',     '5972', sysdate);

INSERT INTO CARD_OPERATION (id, card, type, amount, description, mcc, date) VALUES (S_CARD_OP_ID.NEXTVAL, 1, 'INCOME', 2500.00, 'От Петр Петрович П.',      '2001', sysdate);
INSERT INTO CARD_OPERATION (id, card, type, amount, description, mcc, date) VALUES (S_CARD_OP_ID.NEXTVAL, 1, 'INCOME', 2500.00, 'От Илья Игоревич И.',      '2001', sysdate);
INSERT INTO CARD_OPERATION (id, card, type, amount, description, mcc, date) VALUES (S_CARD_OP_ID.NEXTVAL, 1, 'INCOME', 3500.00, 'От Анна Сергеевна П.',     '2002', sysdate);
INSERT INTO CARD_OPERATION (id, card, type, amount, description, mcc, date) VALUES (S_CARD_OP_ID.NEXTVAL, 1, 'INCOME', 4500.00, 'От Ирина Алексндровна У.', '2003', sysdate);
INSERT INTO CARD_OPERATION (id, card, type, amount, description, mcc, date) VALUES (S_CARD_OP_ID.NEXTVAL, 1, 'INCOME', 1000.00, 'От Ирина Петровна Б.',     '2000', sysdate);
INSERT INTO CARD_OPERATION (id, card, type, amount, description, mcc, date) VALUES (S_CARD_OP_ID.NEXTVAL, 1, 'INCOME', 2000.00, 'От Ирина Петровна Б.',     '2001', sysdate);
INSERT INTO CARD_OPERATION (id, card, type, amount, description, mcc, date) VALUES (S_CARD_OP_ID.NEXTVAL, 1, 'INCOME', 3000.00, 'От Ирина Алексндровна У.', '2002', sysdate);
INSERT INTO CARD_OPERATION (id, card, type, amount, description, mcc, date) VALUES (S_CARD_OP_ID.NEXTVAL, 1, 'INCOME', 4000.00, 'От Илья Игоревич И.',      '2003', sysdate);

INSERT INTO EXPENSE_CATEGORY (id, description) VALUES (7, 'Коммунальные услуги');
INSERT INTO EXPENSE_CATEGORY (id, description) VALUES (5, 'Отели и мотели');
INSERT INTO EXPENSE_CATEGORY (id, description) VALUES (4, 'Аренда автомобилей');
INSERT INTO EXPENSE_CATEGORY (id, description) VALUES (14, 'Поставщики услуг');
INSERT INTO EXPENSE_CATEGORY (id, description) VALUES (1, 'Контрактные услуги');
INSERT INTO EXPENSE_CATEGORY (id, description) VALUES (10, 'Продажа в розницу');
INSERT INTO EXPENSE_CATEGORY (id, description) VALUES (12, 'Магазины одежды');
INSERT INTO EXPENSE_CATEGORY (id, description) VALUES (6, 'Транспортировка');
INSERT INTO EXPENSE_CATEGORY (id, description) VALUES (9, 'Оптовые поставщики и производители');
INSERT INTO EXPENSE_CATEGORY (id, description) VALUES (11, 'Автомобили и прочие автотранспортные средства');
INSERT INTO EXPENSE_CATEGORY (id, description) VALUES (13, 'Различные магазины');
INSERT INTO EXPENSE_CATEGORY (id, description) VALUES (2, 'Оптовые распространители и производители');
INSERT INTO EXPENSE_CATEGORY (id, description) VALUES (16, 'Поставщик услуг');
INSERT INTO EXPENSE_CATEGORY (id, description) VALUES (17, 'Бизнес услуги');
INSERT INTO EXPENSE_CATEGORY (id, description) VALUES (18, 'Развлечения');
INSERT INTO EXPENSE_CATEGORY (id, description) VALUES (3, 'Авиалинии');
INSERT INTO EXPENSE_CATEGORY (id, description) VALUES (15, 'Поставщики почтовых/телефонных услуг');
INSERT INTO EXPENSE_CATEGORY (id, description) VALUES (8, 'Провайдеры услуг');
INSERT INTO MCC_CODE (id, code, category) VALUES (S_MCC_CODE_ID.NEXTVAL, '5261', 10);
INSERT INTO MCC_CODE (id, code, category) VALUES (S_MCC_CODE_ID.NEXTVAL, '8651', 7);
INSERT INTO MCC_CODE (id, code, category) VALUES (S_MCC_CODE_ID.NEXTVAL, '5021', 9);
INSERT INTO MCC_CODE (id, code, category) VALUES (S_MCC_CODE_ID.NEXTVAL, '7321', 16);
INSERT INTO MCC_CODE (id, code, category) VALUES (S_MCC_CODE_ID.NEXTVAL, '8099', 6);
INSERT INTO MCC_CODE (id, code, category) VALUES (S_MCC_CODE_ID.NEXTVAL, '2791', 2);
INSERT INTO MCC_CODE (id, code, category) VALUES (S_MCC_CODE_ID.NEXTVAL, '5937', 13);
INSERT INTO MCC_CODE (id, code, category) VALUES (S_MCC_CODE_ID.NEXTVAL, '5137', 9);
INSERT INTO MCC_CODE (id, code, category) VALUES (S_MCC_CODE_ID.NEXTVAL, '5139', 9);
INSERT INTO MCC_CODE (id, code, category) VALUES (S_MCC_CODE_ID.NEXTVAL, '5931', 13);
INSERT INTO MCC_CODE (id, code, category) VALUES (S_MCC_CODE_ID.NEXTVAL, '4722', 6);
INSERT INTO MCC_CODE (id, code, category) VALUES (S_MCC_CODE_ID.NEXTVAL, '5811', 14);
INSERT INTO MCC_CODE (id, code, category) VALUES (S_MCC_CODE_ID.NEXTVAL, '5932', 13);
INSERT INTO MCC_CODE (id, code, category) VALUES (S_MCC_CODE_ID.NEXTVAL, '5812', 13);
INSERT INTO MCC_CODE (id, code, category) VALUES (S_MCC_CODE_ID.NEXTVAL, '5933', 13);
INSERT INTO MCC_CODE (id, code, category) VALUES (S_MCC_CODE_ID.NEXTVAL, '5813', 13);
INSERT INTO MCC_CODE (id, code, category) VALUES (S_MCC_CODE_ID.NEXTVAL, '5814', 13);
INSERT INTO MCC_CODE (id, code, category) VALUES (S_MCC_CODE_ID.NEXTVAL, '5935', 13);
INSERT INTO MCC_CODE (id, code, category) VALUES (S_MCC_CODE_ID.NEXTVAL, '9751', 9);
INSERT INTO MCC_CODE (id, code, category) VALUES (S_MCC_CODE_ID.NEXTVAL, '7692', 17);
INSERT INTO MCC_CODE (id, code, category) VALUES (S_MCC_CODE_ID.NEXTVAL, '9752', 9);
INSERT INTO MCC_CODE (id, code, category) VALUES (S_MCC_CODE_ID.NEXTVAL, '8661', 7);
INSERT INTO MCC_CODE (id, code, category) VALUES (S_MCC_CODE_ID.NEXTVAL, '7333', 16);
INSERT INTO MCC_CODE (id, code, category) VALUES (S_MCC_CODE_ID.NEXTVAL, '5399', 10);
INSERT INTO MCC_CODE (id, code, category) VALUES (S_MCC_CODE_ID.NEXTVAL, '7699', 17);
INSERT INTO MCC_CODE (id, code, category) VALUES (S_MCC_CODE_ID.NEXTVAL, '5950', 13);
INSERT INTO MCC_CODE (id, code, category) VALUES (S_MCC_CODE_ID.NEXTVAL, '5271', 10);
INSERT INTO MCC_CODE (id, code, category) VALUES (S_MCC_CODE_ID.NEXTVAL, '5948', 13);
INSERT INTO MCC_CODE (id, code, category) VALUES (S_MCC_CODE_ID.NEXTVAL, '5949', 13);
INSERT INTO MCC_CODE (id, code, category) VALUES (S_MCC_CODE_ID.NEXTVAL, '5940', 13);
INSERT INTO MCC_CODE (id, code, category) VALUES (S_MCC_CODE_ID.NEXTVAL, '5941', 13);
INSERT INTO MCC_CODE (id, code, category) VALUES (S_MCC_CODE_ID.NEXTVAL, '5942', 13);
INSERT INTO MCC_CODE (id, code, category) VALUES (S_MCC_CODE_ID.NEXTVAL, '5943', 13);
INSERT INTO MCC_CODE (id, code, category) VALUES (S_MCC_CODE_ID.NEXTVAL, '5944', 13);
INSERT INTO MCC_CODE (id, code, category) VALUES (S_MCC_CODE_ID.NEXTVAL, '5945', 13);
INSERT INTO MCC_CODE (id, code, category) VALUES (S_MCC_CODE_ID.NEXTVAL, '5946', 13);
INSERT INTO MCC_CODE (id, code, category) VALUES (S_MCC_CODE_ID.NEXTVAL, '5947', 13);
INSERT INTO MCC_CODE (id, code, category) VALUES (S_MCC_CODE_ID.NEXTVAL, '6010', 16);
INSERT INTO MCC_CODE (id, code, category) VALUES (S_MCC_CODE_ID.NEXTVAL, '6012', 16);
INSERT INTO MCC_CODE (id, code, category) VALUES (S_MCC_CODE_ID.NEXTVAL, '5044', 9);
INSERT INTO MCC_CODE (id, code, category) VALUES (S_MCC_CODE_ID.NEXTVAL, '6011', 16);
INSERT INTO MCC_CODE (id, code, category) VALUES (S_MCC_CODE_ID.NEXTVAL, '7342', 16);
INSERT INTO MCC_CODE (id, code, category) VALUES (S_MCC_CODE_ID.NEXTVAL, '5045', 9);
INSERT INTO MCC_CODE (id, code, category) VALUES (S_MCC_CODE_ID.NEXTVAL, '5046', 9);
INSERT INTO MCC_CODE (id, code, category) VALUES (S_MCC_CODE_ID.NEXTVAL, '5047', 9);
INSERT INTO MCC_CODE (id, code, category) VALUES (S_MCC_CODE_ID.NEXTVAL, '5960', 15);
INSERT INTO MCC_CODE (id, code, category) VALUES (S_MCC_CODE_ID.NEXTVAL, '8675', 7);
INSERT INTO MCC_CODE (id, code, category) VALUES (S_MCC_CODE_ID.NEXTVAL, '5169', 9);
INSERT INTO MCC_CODE (id, code, category) VALUES (S_MCC_CODE_ID.NEXTVAL, '9402', 9);
INSERT INTO MCC_CODE (id, code, category) VALUES (S_MCC_CODE_ID.NEXTVAL, '5718', 13);
INSERT INTO MCC_CODE (id, code, category) VALUES (S_MCC_CODE_ID.NEXTVAL, '5719', 13);
INSERT INTO MCC_CODE (id, code, category) VALUES (S_MCC_CODE_ID.NEXTVAL, '7338', 16);
INSERT INTO MCC_CODE (id, code, category) VALUES (S_MCC_CODE_ID.NEXTVAL, '5039', 9);
INSERT INTO MCC_CODE (id, code, category) VALUES (S_MCC_CODE_ID.NEXTVAL, '5712', 13);
INSERT INTO MCC_CODE (id, code, category) VALUES (S_MCC_CODE_ID.NEXTVAL, '7339', 16);
INSERT INTO MCC_CODE (id, code, category) VALUES (S_MCC_CODE_ID.NEXTVAL, '5713', 13);
INSERT INTO MCC_CODE (id, code, category) VALUES (S_MCC_CODE_ID.NEXTVAL, '5714', 13);
INSERT INTO MCC_CODE (id, code, category) VALUES (S_MCC_CODE_ID.NEXTVAL, '5970', 13);
INSERT INTO MCC_CODE (id, code, category) VALUES (S_MCC_CODE_ID.NEXTVAL, '5971', 13);
INSERT INTO MCC_CODE (id, code, category) VALUES (S_MCC_CODE_ID.NEXTVAL, '5972', 13);
INSERT INTO MCC_CODE (id, code, category) VALUES (S_MCC_CODE_ID.NEXTVAL, '5051', 9);
INSERT INTO MCC_CODE (id, code, category) VALUES (S_MCC_CODE_ID.NEXTVAL, '5172', 9);
INSERT INTO MCC_CODE (id, code, category) VALUES (S_MCC_CODE_ID.NEXTVAL, '5962', 15);
INSERT INTO MCC_CODE (id, code, category) VALUES (S_MCC_CODE_ID.NEXTVAL, '7349', 16);
INSERT INTO MCC_CODE (id, code, category) VALUES (S_MCC_CODE_ID.NEXTVAL, '4511', 6);
INSERT INTO MCC_CODE (id, code, category) VALUES (S_MCC_CODE_ID.NEXTVAL, '5963', 13);
INSERT INTO MCC_CODE (id, code, category) VALUES (S_MCC_CODE_ID.NEXTVAL, '5722', 13);
INSERT INTO MCC_CODE (id, code, category) VALUES (S_MCC_CODE_ID.NEXTVAL, '5964', 15);
INSERT INTO MCC_CODE (id, code, category) VALUES (S_MCC_CODE_ID.NEXTVAL, '9405', 9);
INSERT INTO MCC_CODE (id, code, category) VALUES (S_MCC_CODE_ID.NEXTVAL, '5965', 15);
INSERT INTO MCC_CODE (id, code, category) VALUES (S_MCC_CODE_ID.NEXTVAL, '5966', 15);
INSERT INTO MCC_CODE (id, code, category) VALUES (S_MCC_CODE_ID.NEXTVAL, '5967', 15);
INSERT INTO MCC_CODE (id, code, category) VALUES (S_MCC_CODE_ID.NEXTVAL, '5968', 15);
INSERT INTO MCC_CODE (id, code, category) VALUES (S_MCC_CODE_ID.NEXTVAL, '5969', 15);
INSERT INTO MCC_CODE (id, code, category) VALUES (S_MCC_CODE_ID.NEXTVAL, '8211', 6);
INSERT INTO MCC_CODE (id, code, category) VALUES (S_MCC_CODE_ID.NEXTVAL, '5065', 9);
INSERT INTO MCC_CODE (id, code, category) VALUES (S_MCC_CODE_ID.NEXTVAL, '8699', 7);
INSERT INTO MCC_CODE (id, code, category) VALUES (S_MCC_CODE_ID.NEXTVAL, '5983', 13);
INSERT INTO MCC_CODE (id, code, category) VALUES (S_MCC_CODE_ID.NEXTVAL, '7361', 16);
INSERT INTO MCC_CODE (id, code, category) VALUES (S_MCC_CODE_ID.NEXTVAL, '5973', 13);
INSERT INTO MCC_CODE (id, code, category) VALUES (S_MCC_CODE_ID.NEXTVAL, '5611', 12);
INSERT INTO MCC_CODE (id, code, category) VALUES (S_MCC_CODE_ID.NEXTVAL, '5732', 13);
INSERT INTO MCC_CODE (id, code, category) VALUES (S_MCC_CODE_ID.NEXTVAL, '5733', 13);
INSERT INTO MCC_CODE (id, code, category) VALUES (S_MCC_CODE_ID.NEXTVAL, '5975', 13);
INSERT INTO MCC_CODE (id, code, category) VALUES (S_MCC_CODE_ID.NEXTVAL, '5734', 13);
INSERT INTO MCC_CODE (id, code, category) VALUES (S_MCC_CODE_ID.NEXTVAL, '5976', 13);
INSERT INTO MCC_CODE (id, code, category) VALUES (S_MCC_CODE_ID.NEXTVAL, '7911', 18);
INSERT INTO MCC_CODE (id, code, category) VALUES (S_MCC_CODE_ID.NEXTVAL, '5735', 13);
INSERT INTO MCC_CODE (id, code, category) VALUES (S_MCC_CODE_ID.NEXTVAL, '5977', 13);
INSERT INTO MCC_CODE (id, code, category) VALUES (S_MCC_CODE_ID.NEXTVAL, '5978', 13);
INSERT INTO MCC_CODE (id, code, category) VALUES (S_MCC_CODE_ID.NEXTVAL, '5074', 9);
INSERT INTO MCC_CODE (id, code, category) VALUES (S_MCC_CODE_ID.NEXTVAL, '9311', 9);
INSERT INTO MCC_CODE (id, code, category) VALUES (S_MCC_CODE_ID.NEXTVAL, '8220', 6);
INSERT INTO MCC_CODE (id, code, category) VALUES (S_MCC_CODE_ID.NEXTVAL, '5198', 9);
INSERT INTO MCC_CODE (id, code, category) VALUES (S_MCC_CODE_ID.NEXTVAL, '7375', 16);
INSERT INTO MCC_CODE (id, code, category) VALUES (S_MCC_CODE_ID.NEXTVAL, '5199', 9);
INSERT INTO MCC_CODE (id, code, category) VALUES (S_MCC_CODE_ID.NEXTVAL, '5992', 13);
INSERT INTO MCC_CODE (id, code, category) VALUES (S_MCC_CODE_ID.NEXTVAL, '5993', 13);
INSERT INTO MCC_CODE (id, code, category) VALUES (S_MCC_CODE_ID.NEXTVAL, '4784', 6);
INSERT INTO MCC_CODE (id, code, category) VALUES (S_MCC_CODE_ID.NEXTVAL, '5631', 12);
INSERT INTO MCC_CODE (id, code, category) VALUES (S_MCC_CODE_ID.NEXTVAL, '5994', 13);
INSERT INTO MCC_CODE (id, code, category) VALUES (S_MCC_CODE_ID.NEXTVAL, '7379', 16);
INSERT INTO MCC_CODE (id, code, category) VALUES (S_MCC_CODE_ID.NEXTVAL, '5192', 9);
INSERT INTO MCC_CODE (id, code, category) VALUES (S_MCC_CODE_ID.NEXTVAL, '5072', 9);
INSERT INTO MCC_CODE (id, code, category) VALUES (S_MCC_CODE_ID.NEXTVAL, '5193', 9);
INSERT INTO MCC_CODE (id, code, category) VALUES (S_MCC_CODE_ID.NEXTVAL, '7372', 16);
INSERT INTO MCC_CODE (id, code, category) VALUES (S_MCC_CODE_ID.NEXTVAL, '7929', 18);
INSERT INTO MCC_CODE (id, code, category) VALUES (S_MCC_CODE_ID.NEXTVAL, '4411', 6);
INSERT INTO MCC_CODE (id, code, category) VALUES (S_MCC_CODE_ID.NEXTVAL, '5621', 12);
INSERT INTO MCC_CODE (id, code, category) VALUES (S_MCC_CODE_ID.NEXTVAL, '7922', 18);
INSERT INTO MCC_CODE (id, code, category) VALUES (S_MCC_CODE_ID.NEXTVAL, '4899', 7);
INSERT INTO MCC_CODE (id, code, category) VALUES (S_MCC_CODE_ID.NEXTVAL, '5085', 9);
INSERT INTO MCC_CODE (id, code, category) VALUES (S_MCC_CODE_ID.NEXTVAL, '8111', 6);
INSERT INTO MCC_CODE (id, code, category) VALUES (S_MCC_CODE_ID.NEXTVAL, '5641', 12);
INSERT INTO MCC_CODE (id, code, category) VALUES (S_MCC_CODE_ID.NEXTVAL, '7941', 18);
INSERT INTO MCC_CODE (id, code, category) VALUES (S_MCC_CODE_ID.NEXTVAL, '5521', 11);
INSERT INTO MCC_CODE (id, code, category) VALUES (S_MCC_CODE_ID.NEXTVAL, '6051', 16);
INSERT INTO MCC_CODE (id, code, category) VALUES (S_MCC_CODE_ID.NEXTVAL, '1711', 1);
INSERT INTO MCC_CODE (id, code, category) VALUES (S_MCC_CODE_ID.NEXTVAL, '5511', 11);
INSERT INTO MCC_CODE (id, code, category) VALUES (S_MCC_CODE_ID.NEXTVAL, '5995', 13);
INSERT INTO MCC_CODE (id, code, category) VALUES (S_MCC_CODE_ID.NEXTVAL, '7932', 18);
INSERT INTO MCC_CODE (id, code, category) VALUES (S_MCC_CODE_ID.NEXTVAL, '5996', 13);
INSERT INTO MCC_CODE (id, code, category) VALUES (S_MCC_CODE_ID.NEXTVAL, '5997', 13);
INSERT INTO MCC_CODE (id, code, category) VALUES (S_MCC_CODE_ID.NEXTVAL, '5998', 13);
INSERT INTO MCC_CODE (id, code, category) VALUES (S_MCC_CODE_ID.NEXTVAL, '7933', 18);
INSERT INTO MCC_CODE (id, code, category) VALUES (S_MCC_CODE_ID.NEXTVAL, '4789', 6);
INSERT INTO MCC_CODE (id, code, category) VALUES (S_MCC_CODE_ID.NEXTVAL, '5999', 13);
INSERT INTO MCC_CODE (id, code, category) VALUES (S_MCC_CODE_ID.NEXTVAL, '8244', 6);
INSERT INTO MCC_CODE (id, code, category) VALUES (S_MCC_CODE_ID.NEXTVAL, '7395', 17);
INSERT INTO MCC_CODE (id, code, category) VALUES (S_MCC_CODE_ID.NEXTVAL, '5099', 9);
INSERT INTO MCC_CODE (id, code, category) VALUES (S_MCC_CODE_ID.NEXTVAL, '9211', 7);
INSERT INTO MCC_CODE (id, code, category) VALUES (S_MCC_CODE_ID.NEXTVAL, '5651', 12);
INSERT INTO MCC_CODE (id, code, category) VALUES (S_MCC_CODE_ID.NEXTVAL, '7278', 16);
INSERT INTO MCC_CODE (id, code, category) VALUES (S_MCC_CODE_ID.NEXTVAL, '7399', 17);
INSERT INTO MCC_CODE (id, code, category) VALUES (S_MCC_CODE_ID.NEXTVAL, '8249', 6);
INSERT INTO MCC_CODE (id, code, category) VALUES (S_MCC_CODE_ID.NEXTVAL, '5531', 11);
INSERT INTO MCC_CODE (id, code, category) VALUES (S_MCC_CODE_ID.NEXTVAL, '5411', 10);
INSERT INTO MCC_CODE (id, code, category) VALUES (S_MCC_CODE_ID.NEXTVAL, '5532', 11);
INSERT INTO MCC_CODE (id, code, category) VALUES (S_MCC_CODE_ID.NEXTVAL, '3351', 4);
INSERT INTO MCC_CODE (id, code, category) VALUES (S_MCC_CODE_ID.NEXTVAL, '7392', 16);
INSERT INTO MCC_CODE (id, code, category) VALUES (S_MCC_CODE_ID.NEXTVAL, '8241', 6);
INSERT INTO MCC_CODE (id, code, category) VALUES (S_MCC_CODE_ID.NEXTVAL, '5094', 9);
INSERT INTO MCC_CODE (id, code, category) VALUES (S_MCC_CODE_ID.NEXTVAL, '7394', 16);
INSERT INTO MCC_CODE (id, code, category) VALUES (S_MCC_CODE_ID.NEXTVAL, '7393', 16);
INSERT INTO MCC_CODE (id, code, category) VALUES (S_MCC_CODE_ID.NEXTVAL, '7829', 17);
INSERT INTO MCC_CODE (id, code, category) VALUES (S_MCC_CODE_ID.NEXTVAL, '742', 1);
INSERT INTO MCC_CODE (id, code, category) VALUES (S_MCC_CODE_ID.NEXTVAL, '8911', 7);
INSERT INTO MCC_CODE (id, code, category) VALUES (S_MCC_CODE_ID.NEXTVAL, '9223', 9);
INSERT INTO MCC_CODE (id, code, category) VALUES (S_MCC_CODE_ID.NEXTVAL, '8011', 1);
INSERT INTO MCC_CODE (id, code, category) VALUES (S_MCC_CODE_ID.NEXTVAL, '9222', 9);
INSERT INTO MCC_CODE (id, code, category) VALUES (S_MCC_CODE_ID.NEXTVAL, '5661', 12);
INSERT INTO MCC_CODE (id, code, category) VALUES (S_MCC_CODE_ID.NEXTVAL, '5541', 11);
INSERT INTO MCC_CODE (id, code, category) VALUES (S_MCC_CODE_ID.NEXTVAL, '8931', 8);
INSERT INTO MCC_CODE (id, code, category) VALUES (S_MCC_CODE_ID.NEXTVAL, '5300', 10);
INSERT INTO MCC_CODE (id, code, category) VALUES (S_MCC_CODE_ID.NEXTVAL, '5542', 11);
INSERT INTO MCC_CODE (id, code, category) VALUES (S_MCC_CODE_ID.NEXTVAL, '5422', 10);
INSERT INTO MCC_CODE (id, code, category) VALUES (S_MCC_CODE_ID.NEXTVAL, '7841', 18);
INSERT INTO MCC_CODE (id, code, category) VALUES (S_MCC_CODE_ID.NEXTVAL, '3000', 3);
INSERT INTO MCC_CODE (id, code, category) VALUES (S_MCC_CODE_ID.NEXTVAL, '1731', 1);
INSERT INTO MCC_CODE (id, code, category) VALUES (S_MCC_CODE_ID.NEXTVAL, '5533', 11);
INSERT INTO MCC_CODE (id, code, category) VALUES (S_MCC_CODE_ID.NEXTVAL, '5655', 12);
INSERT INTO MCC_CODE (id, code, category) VALUES (S_MCC_CODE_ID.NEXTVAL, '7832', 18);
INSERT INTO MCC_CODE (id, code, category) VALUES (S_MCC_CODE_ID.NEXTVAL, '7297', 16);
INSERT INTO MCC_CODE (id, code, category) VALUES (S_MCC_CODE_ID.NEXTVAL, '7296', 16);
INSERT INTO MCC_CODE (id, code, category) VALUES (S_MCC_CODE_ID.NEXTVAL, '7299', 16);
INSERT INTO MCC_CODE (id, code, category) VALUES (S_MCC_CODE_ID.NEXTVAL, '4582', 6);
INSERT INTO MCC_CODE (id, code, category) VALUES (S_MCC_CODE_ID.NEXTVAL, '7298', 16);
INSERT INTO MCC_CODE (id, code, category) VALUES (S_MCC_CODE_ID.NEXTVAL, '5551', 11);
INSERT INTO MCC_CODE (id, code, category) VALUES (S_MCC_CODE_ID.NEXTVAL, '5310', 10);
INSERT INTO MCC_CODE (id, code, category) VALUES (S_MCC_CODE_ID.NEXTVAL, '5311', 10);
INSERT INTO MCC_CODE (id, code, category) VALUES (S_MCC_CODE_ID.NEXTVAL, '8021', 2);
INSERT INTO MCC_CODE (id, code, category) VALUES (S_MCC_CODE_ID.NEXTVAL, '763', 1);
INSERT INTO MCC_CODE (id, code, category) VALUES (S_MCC_CODE_ID.NEXTVAL, '1740', 1);
INSERT INTO MCC_CODE (id, code, category) VALUES (S_MCC_CODE_ID.NEXTVAL, '4214', 6);
INSERT INTO MCC_CODE (id, code, category) VALUES (S_MCC_CODE_ID.NEXTVAL, '4215', 6);
INSERT INTO MCC_CODE (id, code, category) VALUES (S_MCC_CODE_ID.NEXTVAL, '4457', 6);
INSERT INTO MCC_CODE (id, code, category) VALUES (S_MCC_CODE_ID.NEXTVAL, '5309', 10);
INSERT INTO MCC_CODE (id, code, category) VALUES (S_MCC_CODE_ID.NEXTVAL, '8398', 6);
INSERT INTO MCC_CODE (id, code, category) VALUES (S_MCC_CODE_ID.NEXTVAL, '5681', 12);
INSERT INTO MCC_CODE (id, code, category) VALUES (S_MCC_CODE_ID.NEXTVAL, '5561', 11);
INSERT INTO MCC_CODE (id, code, category) VALUES (S_MCC_CODE_ID.NEXTVAL, '5441', 10);
INSERT INTO MCC_CODE (id, code, category) VALUES (S_MCC_CODE_ID.NEXTVAL, '4111', 6);
INSERT INTO MCC_CODE (id, code, category) VALUES (S_MCC_CODE_ID.NEXTVAL, '5200', 10);
INSERT INTO MCC_CODE (id, code, category) VALUES (S_MCC_CODE_ID.NEXTVAL, '4112', 6);
INSERT INTO MCC_CODE (id, code, category) VALUES (S_MCC_CODE_ID.NEXTVAL, '7622', 17);
INSERT INTO MCC_CODE (id, code, category) VALUES (S_MCC_CODE_ID.NEXTVAL, '8031', 2);
INSERT INTO MCC_CODE (id, code, category) VALUES (S_MCC_CODE_ID.NEXTVAL, '2842', 2);
INSERT INTO MCC_CODE (id, code, category) VALUES (S_MCC_CODE_ID.NEXTVAL, '1750', 1);
INSERT INTO MCC_CODE (id, code, category) VALUES (S_MCC_CODE_ID.NEXTVAL, '4225', 6);
INSERT INTO MCC_CODE (id, code, category) VALUES (S_MCC_CODE_ID.NEXTVAL, '4468', 6);
INSERT INTO MCC_CODE (id, code, category) VALUES (S_MCC_CODE_ID.NEXTVAL, '4900', 7);
INSERT INTO MCC_CODE (id, code, category) VALUES (S_MCC_CODE_ID.NEXTVAL, '5691', 12);
INSERT INTO MCC_CODE (id, code, category) VALUES (S_MCC_CODE_ID.NEXTVAL, '5571', 11);
INSERT INTO MCC_CODE (id, code, category) VALUES (S_MCC_CODE_ID.NEXTVAL, '7992', 18);
INSERT INTO MCC_CODE (id, code, category) VALUES (S_MCC_CODE_ID.NEXTVAL, '5451', 10);
INSERT INTO MCC_CODE (id, code, category) VALUES (S_MCC_CODE_ID.NEXTVAL, '7991', 18);
INSERT INTO MCC_CODE (id, code, category) VALUES (S_MCC_CODE_ID.NEXTVAL, '4121', 6);
INSERT INTO MCC_CODE (id, code, category) VALUES (S_MCC_CODE_ID.NEXTVAL, '5331', 10);
INSERT INTO MCC_CODE (id, code, category) VALUES (S_MCC_CODE_ID.NEXTVAL, '6300', 16);
INSERT INTO MCC_CODE (id, code, category) VALUES (S_MCC_CODE_ID.NEXTVAL, '7631', 17);
INSERT INTO MCC_CODE (id, code, category) VALUES (S_MCC_CODE_ID.NEXTVAL, '7994', 18);
INSERT INTO MCC_CODE (id, code, category) VALUES (S_MCC_CODE_ID.NEXTVAL, '5211', 10);
INSERT INTO MCC_CODE (id, code, category) VALUES (S_MCC_CODE_ID.NEXTVAL, '7993', 18);
INSERT INTO MCC_CODE (id, code, category) VALUES (S_MCC_CODE_ID.NEXTVAL, '7512', 4);
INSERT INTO MCC_CODE (id, code, category) VALUES (S_MCC_CODE_ID.NEXTVAL, '7996', 1);
INSERT INTO MCC_CODE (id, code, category) VALUES (S_MCC_CODE_ID.NEXTVAL, '5697', 12);
INSERT INTO MCC_CODE (id, code, category) VALUES (S_MCC_CODE_ID.NEXTVAL, '7995', 18);
INSERT INTO MCC_CODE (id, code, category) VALUES (S_MCC_CODE_ID.NEXTVAL, '8049', 5);
INSERT INTO MCC_CODE (id, code, category) VALUES (S_MCC_CODE_ID.NEXTVAL, '8042', 3);
INSERT INTO MCC_CODE (id, code, category) VALUES (S_MCC_CODE_ID.NEXTVAL, '8043', 4);
INSERT INTO MCC_CODE (id, code, category) VALUES (S_MCC_CODE_ID.NEXTVAL, '780', 1);
INSERT INTO MCC_CODE (id, code, category) VALUES (S_MCC_CODE_ID.NEXTVAL, '8041', 2);
INSERT INTO MCC_CODE (id, code, category) VALUES (S_MCC_CODE_ID.NEXTVAL, '1520', 1);
INSERT INTO MCC_CODE (id, code, category) VALUES (S_MCC_CODE_ID.NEXTVAL, '1761', 1);
INSERT INTO MCC_CODE (id, code, category) VALUES (S_MCC_CODE_ID.NEXTVAL, '7623', 17);
INSERT INTO MCC_CODE (id, code, category) VALUES (S_MCC_CODE_ID.NEXTVAL, '4119', 6);
INSERT INTO MCC_CODE (id, code, category) VALUES (S_MCC_CODE_ID.NEXTVAL, '7629', 17);
INSERT INTO MCC_CODE (id, code, category) VALUES (S_MCC_CODE_ID.NEXTVAL, '8299', 6);
INSERT INTO MCC_CODE (id, code, category) VALUES (S_MCC_CODE_ID.NEXTVAL, '4131', 6);
INSERT INTO MCC_CODE (id, code, category) VALUES (S_MCC_CODE_ID.NEXTVAL, '5462', 10);
INSERT INTO MCC_CODE (id, code, category) VALUES (S_MCC_CODE_ID.NEXTVAL, '4011', 6);
INSERT INTO MCC_CODE (id, code, category) VALUES (S_MCC_CODE_ID.NEXTVAL, '7641', 17);
INSERT INTO MCC_CODE (id, code, category) VALUES (S_MCC_CODE_ID.NEXTVAL, '7523', 17);
INSERT INTO MCC_CODE (id, code, category) VALUES (S_MCC_CODE_ID.NEXTVAL, '8050', 6);
INSERT INTO MCC_CODE (id, code, category) VALUES (S_MCC_CODE_ID.NEXTVAL, '2741', 2);
INSERT INTO MCC_CODE (id, code, category) VALUES (S_MCC_CODE_ID.NEXTVAL, '1771', 1);
INSERT INTO MCC_CODE (id, code, category) VALUES (S_MCC_CODE_ID.NEXTVAL, '5698', 12);
INSERT INTO MCC_CODE (id, code, category) VALUES (S_MCC_CODE_ID.NEXTVAL, '7998', 1);
INSERT INTO MCC_CODE (id, code, category) VALUES (S_MCC_CODE_ID.NEXTVAL, '5699', 12);
INSERT INTO MCC_CODE (id, code, category) VALUES (S_MCC_CODE_ID.NEXTVAL, '7513', 4);
INSERT INTO MCC_CODE (id, code, category) VALUES (S_MCC_CODE_ID.NEXTVAL, '7997', 1);
INSERT INTO MCC_CODE (id, code, category) VALUES (S_MCC_CODE_ID.NEXTVAL, '7999', 1);
INSERT INTO MCC_CODE (id, code, category) VALUES (S_MCC_CODE_ID.NEXTVAL, '7519', 4);
INSERT INTO MCC_CODE (id, code, category) VALUES (S_MCC_CODE_ID.NEXTVAL, '9399', 9);
INSERT INTO MCC_CODE (id, code, category) VALUES (S_MCC_CODE_ID.NEXTVAL, '5592', 11);
INSERT INTO MCC_CODE (id, code, category) VALUES (S_MCC_CODE_ID.NEXTVAL, '5231', 10);
INSERT INTO MCC_CODE (id, code, category) VALUES (S_MCC_CODE_ID.NEXTVAL, '5111', 9);
INSERT INTO MCC_CODE (id, code, category) VALUES (S_MCC_CODE_ID.NEXTVAL, '7531', 17);
INSERT INTO MCC_CODE (id, code, category) VALUES (S_MCC_CODE_ID.NEXTVAL, '7534', 17);
INSERT INTO MCC_CODE (id, code, category) VALUES (S_MCC_CODE_ID.NEXTVAL, '5598', 11);
INSERT INTO MCC_CODE (id, code, category) VALUES (S_MCC_CODE_ID.NEXTVAL, '8062', 6);
INSERT INTO MCC_CODE (id, code, category) VALUES (S_MCC_CODE_ID.NEXTVAL, '4815', 7);
INSERT INTO MCC_CODE (id, code, category) VALUES (S_MCC_CODE_ID.NEXTVAL, '4816', 7);
INSERT INTO MCC_CODE (id, code, category) VALUES (S_MCC_CODE_ID.NEXTVAL, '8734', 7);
INSERT INTO MCC_CODE (id, code, category) VALUES (S_MCC_CODE_ID.NEXTVAL, '4812', 7);
INSERT INTO MCC_CODE (id, code, category) VALUES (S_MCC_CODE_ID.NEXTVAL, '4813', 7);
INSERT INTO MCC_CODE (id, code, category) VALUES (S_MCC_CODE_ID.NEXTVAL, '4814', 7);
INSERT INTO MCC_CODE (id, code, category) VALUES (S_MCC_CODE_ID.NEXTVAL, '5122', 9);
INSERT INTO MCC_CODE (id, code, category) VALUES (S_MCC_CODE_ID.NEXTVAL, '6211', 16);
INSERT INTO MCC_CODE (id, code, category) VALUES (S_MCC_CODE_ID.NEXTVAL, '7542', 17);
INSERT INTO MCC_CODE (id, code, category) VALUES (S_MCC_CODE_ID.NEXTVAL, '8071', 6);
INSERT INTO MCC_CODE (id, code, category) VALUES (S_MCC_CODE_ID.NEXTVAL, '1799', 1);
INSERT INTO MCC_CODE (id, code, category) VALUES (S_MCC_CODE_ID.NEXTVAL, '4829', 8);
INSERT INTO MCC_CODE (id, code, category) VALUES (S_MCC_CODE_ID.NEXTVAL, '5599', 11);
INSERT INTO MCC_CODE (id, code, category) VALUES (S_MCC_CODE_ID.NEXTVAL, '7535', 17);
INSERT INTO MCC_CODE (id, code, category) VALUES (S_MCC_CODE_ID.NEXTVAL, '7538', 17);
INSERT INTO MCC_CODE (id, code, category) VALUES (S_MCC_CODE_ID.NEXTVAL, '4821', 7);
INSERT INTO MCC_CODE (id, code, category) VALUES (S_MCC_CODE_ID.NEXTVAL, '5912', 13);
INSERT INTO MCC_CODE (id, code, category) VALUES (S_MCC_CODE_ID.NEXTVAL, '5251', 10);
INSERT INTO MCC_CODE (id, code, category) VALUES (S_MCC_CODE_ID.NEXTVAL, '8641', 6);
INSERT INTO MCC_CODE (id, code, category) VALUES (S_MCC_CODE_ID.NEXTVAL, '5131', 9);
INSERT INTO MCC_CODE (id, code, category) VALUES (S_MCC_CODE_ID.NEXTVAL, '5013', 9);
INSERT INTO MCC_CODE (id, code, category) VALUES (S_MCC_CODE_ID.NEXTVAL, '7311', 16);
INSERT INTO MCC_CODE (id, code, category) VALUES (S_MCC_CODE_ID.NEXTVAL, '5499', 10);
INSERT INTO MCC_CODE (id, code, category) VALUES (S_MCC_CODE_ID.NEXTVAL, '3501', 5);
INSERT INTO MCC_CODE (id, code, category) VALUES (S_MCC_CODE_ID.NEXTVAL, '7549', 17);
INSERT INTO MCC_CODE (id, code, category) VALUES (S_MCC_CODE_ID.NEXTVAL, '5921', 13);
INSERT INTO MCC_CODE (id, code, category) VALUES (S_MCC_CODE_ID.NEXTVAL, '8999', 7);
