INSERT INTO cc_user (id, login, password, description, role, deleted) VALUES (NEXTVAL('s_user_id'), 'test', 'test', 'Test Class Member', 'CLASS_MEMBER', false);
INSERT INTO cc_user (id, login, password, description, role, deleted) VALUES (NEXTVAL('s_user_id'), 'admin', 'admin', 'Admin', 'ADMIN', false);

INSERT INTO card (id, owner, number, balance, type, description) VALUES (NEXTVAL('s_card_id'), 1, '4517', 10000.00, 'VISA', 'Visa Classic');


INSERT INTO card_operation (id, card, type, amount, description, mcc, date) VALUES (NEXTVAL('s_card_op_id'), 1, 'EXPENSE', -1500.00, 'Тетради',   '7395', current_timestamp);
INSERT INTO card_operation (id, card, type, amount, description, mcc, date) VALUES (NEXTVAL('s_card_op_id'), 1, 'EXPENSE', -2500.00, 'Учебники',  '7395', current_timestamp);
INSERT INTO card_operation (id, card, type, amount, description, mcc, date) VALUES (NEXTVAL('s_card_op_id'), 1, 'EXPENSE', -3500.00, 'Театр',     '7929', current_timestamp);
INSERT INTO card_operation (id, card, type, amount, description, mcc, date) VALUES (NEXTVAL('s_card_op_id'), 1, 'EXPENSE', -4500.00, 'Экскурсия', '7929', current_timestamp);
INSERT INTO card_operation (id, card, type, amount, description, mcc, date) VALUES (NEXTVAL('s_card_op_id'), 1, 'EXPENSE', -1000.00, 'Тетради',   '7395', current_timestamp);
INSERT INTO card_operation (id, card, type, amount, description, mcc, date) VALUES (NEXTVAL('s_card_op_id'), 1, 'EXPENSE', -2000.00, 'Учебники',  '5972', current_timestamp);
INSERT INTO card_operation (id, card, type, amount, description, mcc, date) VALUES (NEXTVAL('s_card_op_id'), 1, 'EXPENSE', -3000.00, 'Экскурсия', '5972', current_timestamp);
INSERT INTO card_operation (id, card, type, amount, description, mcc, date) VALUES (NEXTVAL('s_card_op_id'), 1, 'EXPENSE', -4000.00, 'Театр',     '5972', current_timestamp);


INSERT INTO card_operation (id, card, type, amount, description, mcc, date) VALUES (NEXTVAL('s_card_op_id'), 1, 'INCOME', 2500.00, 'От Петр Петрович П.',      '2001', current_timestamp);
INSERT INTO card_operation (id, card, type, amount, description, mcc, date) VALUES (NEXTVAL('s_card_op_id'), 1, 'INCOME', 2500.00, 'От Илья Игоревич И.',      '2001', current_timestamp);
INSERT INTO card_operation (id, card, type, amount, description, mcc, date) VALUES (NEXTVAL('s_card_op_id'), 1, 'INCOME', 3500.00, 'От Анна Сергеевна П.',     '2002', current_timestamp);
INSERT INTO card_operation (id, card, type, amount, description, mcc, date) VALUES (NEXTVAL('s_card_op_id'), 1, 'INCOME', 4500.00, 'От Ирина Алексндровна У.', '2003', current_timestamp);
INSERT INTO card_operation (id, card, type, amount, description, mcc, date) VALUES (NEXTVAL('s_card_op_id'), 1, 'INCOME', 1000.00, 'От Ирина Петровна Б.',     '2000', current_timestamp);
INSERT INTO card_operation (id, card, type, amount, description, mcc, date) VALUES (NEXTVAL('s_card_op_id'), 1, 'INCOME', 2000.00, 'От Ирина Петровна Б.',     '2001', current_timestamp);
INSERT INTO card_operation (id, card, type, amount, description, mcc, date) VALUES (NEXTVAL('s_card_op_id'), 1, 'INCOME', 3000.00, 'От Ирина Алексндровна У.', '2002', current_timestamp);
INSERT INTO card_operation (id, card, type, amount, description, mcc, date) VALUES (NEXTVAL('s_card_op_id'), 1, 'INCOME', 4000.00, 'От Илья Игоревич И.',      '2003', current_timestamp);


INSERT INTO expense_category (id, description) VALUES (7, 'Коммунальные услуги');
INSERT INTO expense_category (id, description) VALUES (5, 'Отели и мотели');
INSERT INTO expense_category (id, description) VALUES (4, 'Аренда автомобилей');
INSERT INTO expense_category (id, description) VALUES (14, 'Поставщики услуг');
INSERT INTO expense_category (id, description) VALUES (1, 'Контрактные услуги');
INSERT INTO expense_category (id, description) VALUES (10, 'Продажа в розницу');
INSERT INTO expense_category (id, description) VALUES (12, 'Магазины одежды');
INSERT INTO expense_category (id, description) VALUES (6, 'Транспортировка');
INSERT INTO expense_category (id, description) VALUES (9, 'Оптовые поставщики и производители');
INSERT INTO expense_category (id, description) VALUES (11, 'Автомобили и прочие автотранспортные средства');
INSERT INTO expense_category (id, description) VALUES (13, 'Различные магазины');
INSERT INTO expense_category (id, description) VALUES (2, 'Оптовые распространители и производители');
INSERT INTO expense_category (id, description) VALUES (16, 'Поставщик услуг');
INSERT INTO expense_category (id, description) VALUES (17, 'Бизнес услуги');
INSERT INTO expense_category (id, description) VALUES (18, 'Развлечения');
INSERT INTO expense_category (id, description) VALUES (3, 'Авиалинии');
INSERT INTO expense_category (id, description) VALUES (15, 'Поставщики почтовых/телефонных услуг');
INSERT INTO expense_category (id, description) VALUES (8, 'Провайдеры услуг');


INSERT INTO mcc_code (id, code, category) VALUES (NEXTVAL('s_mcc_code_id'), '5261', 10);
INSERT INTO mcc_code (id, code, category) VALUES (NEXTVAL('s_mcc_code_id'), '8651', 7);
INSERT INTO mcc_code (id, code, category) VALUES (NEXTVAL('s_mcc_code_id'), '5021', 9);
INSERT INTO mcc_code (id, code, category) VALUES (NEXTVAL('s_mcc_code_id'), '7321', 16);
INSERT INTO mcc_code (id, code, category) VALUES (NEXTVAL('s_mcc_code_id'), '8099', 6);
INSERT INTO mcc_code (id, code, category) VALUES (NEXTVAL('s_mcc_code_id'), '2791', 2);
INSERT INTO mcc_code (id, code, category) VALUES (NEXTVAL('s_mcc_code_id'), '5937', 13);
INSERT INTO mcc_code (id, code, category) VALUES (NEXTVAL('s_mcc_code_id'), '5137', 9);
INSERT INTO mcc_code (id, code, category) VALUES (NEXTVAL('s_mcc_code_id'), '5139', 9);
INSERT INTO mcc_code (id, code, category) VALUES (NEXTVAL('s_mcc_code_id'), '5931', 13);
INSERT INTO mcc_code (id, code, category) VALUES (NEXTVAL('s_mcc_code_id'), '4722', 6);
INSERT INTO mcc_code (id, code, category) VALUES (NEXTVAL('s_mcc_code_id'), '5811', 14);
INSERT INTO mcc_code (id, code, category) VALUES (NEXTVAL('s_mcc_code_id'), '5932', 13);
INSERT INTO mcc_code (id, code, category) VALUES (NEXTVAL('s_mcc_code_id'), '5812', 13);
INSERT INTO mcc_code (id, code, category) VALUES (NEXTVAL('s_mcc_code_id'), '5933', 13);
INSERT INTO mcc_code (id, code, category) VALUES (NEXTVAL('s_mcc_code_id'), '5813', 13);
INSERT INTO mcc_code (id, code, category) VALUES (NEXTVAL('s_mcc_code_id'), '5814', 13);
INSERT INTO mcc_code (id, code, category) VALUES (NEXTVAL('s_mcc_code_id'), '5935', 13);
INSERT INTO mcc_code (id, code, category) VALUES (NEXTVAL('s_mcc_code_id'), '9751', 9);
INSERT INTO mcc_code (id, code, category) VALUES (NEXTVAL('s_mcc_code_id'), '7692', 17);
INSERT INTO mcc_code (id, code, category) VALUES (NEXTVAL('s_mcc_code_id'), '9752', 9);
INSERT INTO mcc_code (id, code, category) VALUES (NEXTVAL('s_mcc_code_id'), '8661', 7);
INSERT INTO mcc_code (id, code, category) VALUES (NEXTVAL('s_mcc_code_id'), '7333', 16);
INSERT INTO mcc_code (id, code, category) VALUES (NEXTVAL('s_mcc_code_id'), '5399', 10);
INSERT INTO mcc_code (id, code, category) VALUES (NEXTVAL('s_mcc_code_id'), '7699', 17);
INSERT INTO mcc_code (id, code, category) VALUES (NEXTVAL('s_mcc_code_id'), '5950', 13);
INSERT INTO mcc_code (id, code, category) VALUES (NEXTVAL('s_mcc_code_id'), '5271', 10);
INSERT INTO mcc_code (id, code, category) VALUES (NEXTVAL('s_mcc_code_id'), '5948', 13);
INSERT INTO mcc_code (id, code, category) VALUES (NEXTVAL('s_mcc_code_id'), '5949', 13);
INSERT INTO mcc_code (id, code, category) VALUES (NEXTVAL('s_mcc_code_id'), '5940', 13);
INSERT INTO mcc_code (id, code, category) VALUES (NEXTVAL('s_mcc_code_id'), '5941', 13);
INSERT INTO mcc_code (id, code, category) VALUES (NEXTVAL('s_mcc_code_id'), '5942', 13);
INSERT INTO mcc_code (id, code, category) VALUES (NEXTVAL('s_mcc_code_id'), '5943', 13);
INSERT INTO mcc_code (id, code, category) VALUES (NEXTVAL('s_mcc_code_id'), '5944', 13);
INSERT INTO mcc_code (id, code, category) VALUES (NEXTVAL('s_mcc_code_id'), '5945', 13);
INSERT INTO mcc_code (id, code, category) VALUES (NEXTVAL('s_mcc_code_id'), '5946', 13);
INSERT INTO mcc_code (id, code, category) VALUES (NEXTVAL('s_mcc_code_id'), '5947', 13);
INSERT INTO mcc_code (id, code, category) VALUES (NEXTVAL('s_mcc_code_id'), '6010', 16);
INSERT INTO mcc_code (id, code, category) VALUES (NEXTVAL('s_mcc_code_id'), '6012', 16);
INSERT INTO mcc_code (id, code, category) VALUES (NEXTVAL('s_mcc_code_id'), '5044', 9);
INSERT INTO mcc_code (id, code, category) VALUES (NEXTVAL('s_mcc_code_id'), '6011', 16);
INSERT INTO mcc_code (id, code, category) VALUES (NEXTVAL('s_mcc_code_id'), '7342', 16);
INSERT INTO mcc_code (id, code, category) VALUES (NEXTVAL('s_mcc_code_id'), '5045', 9);
INSERT INTO mcc_code (id, code, category) VALUES (NEXTVAL('s_mcc_code_id'), '5046', 9);
INSERT INTO mcc_code (id, code, category) VALUES (NEXTVAL('s_mcc_code_id'), '5047', 9);
INSERT INTO mcc_code (id, code, category) VALUES (NEXTVAL('s_mcc_code_id'), '5960', 15);
INSERT INTO mcc_code (id, code, category) VALUES (NEXTVAL('s_mcc_code_id'), '8675', 7);
INSERT INTO mcc_code (id, code, category) VALUES (NEXTVAL('s_mcc_code_id'), '5169', 9);
INSERT INTO mcc_code (id, code, category) VALUES (NEXTVAL('s_mcc_code_id'), '9402', 9);
INSERT INTO mcc_code (id, code, category) VALUES (NEXTVAL('s_mcc_code_id'), '5718', 13);
INSERT INTO mcc_code (id, code, category) VALUES (NEXTVAL('s_mcc_code_id'), '5719', 13);
INSERT INTO mcc_code (id, code, category) VALUES (NEXTVAL('s_mcc_code_id'), '7338', 16);
INSERT INTO mcc_code (id, code, category) VALUES (NEXTVAL('s_mcc_code_id'), '5039', 9);
INSERT INTO mcc_code (id, code, category) VALUES (NEXTVAL('s_mcc_code_id'), '5712', 13);
INSERT INTO mcc_code (id, code, category) VALUES (NEXTVAL('s_mcc_code_id'), '7339', 16);
INSERT INTO mcc_code (id, code, category) VALUES (NEXTVAL('s_mcc_code_id'), '5713', 13);
INSERT INTO mcc_code (id, code, category) VALUES (NEXTVAL('s_mcc_code_id'), '5714', 13);
INSERT INTO mcc_code (id, code, category) VALUES (NEXTVAL('s_mcc_code_id'), '5970', 13);
INSERT INTO mcc_code (id, code, category) VALUES (NEXTVAL('s_mcc_code_id'), '5971', 13);
INSERT INTO mcc_code (id, code, category) VALUES (NEXTVAL('s_mcc_code_id'), '5972', 13);
INSERT INTO mcc_code (id, code, category) VALUES (NEXTVAL('s_mcc_code_id'), '5051', 9);
INSERT INTO mcc_code (id, code, category) VALUES (NEXTVAL('s_mcc_code_id'), '5172', 9);
INSERT INTO mcc_code (id, code, category) VALUES (NEXTVAL('s_mcc_code_id'), '5962', 15);
INSERT INTO mcc_code (id, code, category) VALUES (NEXTVAL('s_mcc_code_id'), '7349', 16);
INSERT INTO mcc_code (id, code, category) VALUES (NEXTVAL('s_mcc_code_id'), '4511', 6);
INSERT INTO mcc_code (id, code, category) VALUES (NEXTVAL('s_mcc_code_id'), '5963', 13);
INSERT INTO mcc_code (id, code, category) VALUES (NEXTVAL('s_mcc_code_id'), '5722', 13);
INSERT INTO mcc_code (id, code, category) VALUES (NEXTVAL('s_mcc_code_id'), '5964', 15);
INSERT INTO mcc_code (id, code, category) VALUES (NEXTVAL('s_mcc_code_id'), '9405', 9);
INSERT INTO mcc_code (id, code, category) VALUES (NEXTVAL('s_mcc_code_id'), '5965', 15);
INSERT INTO mcc_code (id, code, category) VALUES (NEXTVAL('s_mcc_code_id'), '5966', 15);
INSERT INTO mcc_code (id, code, category) VALUES (NEXTVAL('s_mcc_code_id'), '5967', 15);
INSERT INTO mcc_code (id, code, category) VALUES (NEXTVAL('s_mcc_code_id'), '5968', 15);
INSERT INTO mcc_code (id, code, category) VALUES (NEXTVAL('s_mcc_code_id'), '5969', 15);
INSERT INTO mcc_code (id, code, category) VALUES (NEXTVAL('s_mcc_code_id'), '8211', 6);
INSERT INTO mcc_code (id, code, category) VALUES (NEXTVAL('s_mcc_code_id'), '5065', 9);
INSERT INTO mcc_code (id, code, category) VALUES (NEXTVAL('s_mcc_code_id'), '8699', 7);
INSERT INTO mcc_code (id, code, category) VALUES (NEXTVAL('s_mcc_code_id'), '5983', 13);
INSERT INTO mcc_code (id, code, category) VALUES (NEXTVAL('s_mcc_code_id'), '7361', 16);
INSERT INTO mcc_code (id, code, category) VALUES (NEXTVAL('s_mcc_code_id'), '5973', 13);
INSERT INTO mcc_code (id, code, category) VALUES (NEXTVAL('s_mcc_code_id'), '5611', 12);
INSERT INTO mcc_code (id, code, category) VALUES (NEXTVAL('s_mcc_code_id'), '5732', 13);
INSERT INTO mcc_code (id, code, category) VALUES (NEXTVAL('s_mcc_code_id'), '5733', 13);
INSERT INTO mcc_code (id, code, category) VALUES (NEXTVAL('s_mcc_code_id'), '5975', 13);
INSERT INTO mcc_code (id, code, category) VALUES (NEXTVAL('s_mcc_code_id'), '5734', 13);
INSERT INTO mcc_code (id, code, category) VALUES (NEXTVAL('s_mcc_code_id'), '5976', 13);
INSERT INTO mcc_code (id, code, category) VALUES (NEXTVAL('s_mcc_code_id'), '7911', 18);
INSERT INTO mcc_code (id, code, category) VALUES (NEXTVAL('s_mcc_code_id'), '5735', 13);
INSERT INTO mcc_code (id, code, category) VALUES (NEXTVAL('s_mcc_code_id'), '5977', 13);
INSERT INTO mcc_code (id, code, category) VALUES (NEXTVAL('s_mcc_code_id'), '5978', 13);
INSERT INTO mcc_code (id, code, category) VALUES (NEXTVAL('s_mcc_code_id'), '5074', 9);
INSERT INTO mcc_code (id, code, category) VALUES (NEXTVAL('s_mcc_code_id'), '9311', 9);
INSERT INTO mcc_code (id, code, category) VALUES (NEXTVAL('s_mcc_code_id'), '8220', 6);
INSERT INTO mcc_code (id, code, category) VALUES (NEXTVAL('s_mcc_code_id'), '5198', 9);
INSERT INTO mcc_code (id, code, category) VALUES (NEXTVAL('s_mcc_code_id'), '7375', 16);
INSERT INTO mcc_code (id, code, category) VALUES (NEXTVAL('s_mcc_code_id'), '5199', 9);
INSERT INTO mcc_code (id, code, category) VALUES (NEXTVAL('s_mcc_code_id'), '5992', 13);
INSERT INTO mcc_code (id, code, category) VALUES (NEXTVAL('s_mcc_code_id'), '5993', 13);
INSERT INTO mcc_code (id, code, category) VALUES (NEXTVAL('s_mcc_code_id'), '4784', 6);
INSERT INTO mcc_code (id, code, category) VALUES (NEXTVAL('s_mcc_code_id'), '5631', 12);
INSERT INTO mcc_code (id, code, category) VALUES (NEXTVAL('s_mcc_code_id'), '5994', 13);
INSERT INTO mcc_code (id, code, category) VALUES (NEXTVAL('s_mcc_code_id'), '7379', 16);
INSERT INTO mcc_code (id, code, category) VALUES (NEXTVAL('s_mcc_code_id'), '5192', 9);
INSERT INTO mcc_code (id, code, category) VALUES (NEXTVAL('s_mcc_code_id'), '5072', 9);
INSERT INTO mcc_code (id, code, category) VALUES (NEXTVAL('s_mcc_code_id'), '5193', 9);
INSERT INTO mcc_code (id, code, category) VALUES (NEXTVAL('s_mcc_code_id'), '7372', 16);
INSERT INTO mcc_code (id, code, category) VALUES (NEXTVAL('s_mcc_code_id'), '7929', 18);
INSERT INTO mcc_code (id, code, category) VALUES (NEXTVAL('s_mcc_code_id'), '4411', 6);
INSERT INTO mcc_code (id, code, category) VALUES (NEXTVAL('s_mcc_code_id'), '5621', 12);
INSERT INTO mcc_code (id, code, category) VALUES (NEXTVAL('s_mcc_code_id'), '7922', 18);
INSERT INTO mcc_code (id, code, category) VALUES (NEXTVAL('s_mcc_code_id'), '4899', 7);
INSERT INTO mcc_code (id, code, category) VALUES (NEXTVAL('s_mcc_code_id'), '5085', 9);
INSERT INTO mcc_code (id, code, category) VALUES (NEXTVAL('s_mcc_code_id'), '8111', 6);
INSERT INTO mcc_code (id, code, category) VALUES (NEXTVAL('s_mcc_code_id'), '5641', 12);
INSERT INTO mcc_code (id, code, category) VALUES (NEXTVAL('s_mcc_code_id'), '7941', 18);
INSERT INTO mcc_code (id, code, category) VALUES (NEXTVAL('s_mcc_code_id'), '5521', 11);
INSERT INTO mcc_code (id, code, category) VALUES (NEXTVAL('s_mcc_code_id'), '6051', 16);
INSERT INTO mcc_code (id, code, category) VALUES (NEXTVAL('s_mcc_code_id'), '1711', 1);
INSERT INTO mcc_code (id, code, category) VALUES (NEXTVAL('s_mcc_code_id'), '5511', 11);
INSERT INTO mcc_code (id, code, category) VALUES (NEXTVAL('s_mcc_code_id'), '5995', 13);
INSERT INTO mcc_code (id, code, category) VALUES (NEXTVAL('s_mcc_code_id'), '7932', 18);
INSERT INTO mcc_code (id, code, category) VALUES (NEXTVAL('s_mcc_code_id'), '5996', 13);
INSERT INTO mcc_code (id, code, category) VALUES (NEXTVAL('s_mcc_code_id'), '5997', 13);
INSERT INTO mcc_code (id, code, category) VALUES (NEXTVAL('s_mcc_code_id'), '5998', 13);
INSERT INTO mcc_code (id, code, category) VALUES (NEXTVAL('s_mcc_code_id'), '7933', 18);
INSERT INTO mcc_code (id, code, category) VALUES (NEXTVAL('s_mcc_code_id'), '4789', 6);
INSERT INTO mcc_code (id, code, category) VALUES (NEXTVAL('s_mcc_code_id'), '5999', 13);
INSERT INTO mcc_code (id, code, category) VALUES (NEXTVAL('s_mcc_code_id'), '8244', 6);
INSERT INTO mcc_code (id, code, category) VALUES (NEXTVAL('s_mcc_code_id'), '7395', 17);
INSERT INTO mcc_code (id, code, category) VALUES (NEXTVAL('s_mcc_code_id'), '5099', 9);
INSERT INTO mcc_code (id, code, category) VALUES (NEXTVAL('s_mcc_code_id'), '9211', 7);
INSERT INTO mcc_code (id, code, category) VALUES (NEXTVAL('s_mcc_code_id'), '5651', 12);
INSERT INTO mcc_code (id, code, category) VALUES (NEXTVAL('s_mcc_code_id'), '7278', 16);
INSERT INTO mcc_code (id, code, category) VALUES (NEXTVAL('s_mcc_code_id'), '7399', 17);
INSERT INTO mcc_code (id, code, category) VALUES (NEXTVAL('s_mcc_code_id'), '8249', 6);
INSERT INTO mcc_code (id, code, category) VALUES (NEXTVAL('s_mcc_code_id'), '5531', 11);
INSERT INTO mcc_code (id, code, category) VALUES (NEXTVAL('s_mcc_code_id'), '5411', 10);
INSERT INTO mcc_code (id, code, category) VALUES (NEXTVAL('s_mcc_code_id'), '5532', 11);
INSERT INTO mcc_code (id, code, category) VALUES (NEXTVAL('s_mcc_code_id'), '3351', 4);
INSERT INTO mcc_code (id, code, category) VALUES (NEXTVAL('s_mcc_code_id'), '7392', 16);
INSERT INTO mcc_code (id, code, category) VALUES (NEXTVAL('s_mcc_code_id'), '8241', 6);
INSERT INTO mcc_code (id, code, category) VALUES (NEXTVAL('s_mcc_code_id'), '5094', 9);
INSERT INTO mcc_code (id, code, category) VALUES (NEXTVAL('s_mcc_code_id'), '7394', 16);
INSERT INTO mcc_code (id, code, category) VALUES (NEXTVAL('s_mcc_code_id'), '7393', 16);
INSERT INTO mcc_code (id, code, category) VALUES (NEXTVAL('s_mcc_code_id'), '7829', 17);
INSERT INTO mcc_code (id, code, category) VALUES (NEXTVAL('s_mcc_code_id'), '742', 1);
INSERT INTO mcc_code (id, code, category) VALUES (NEXTVAL('s_mcc_code_id'), '8911', 7);
INSERT INTO mcc_code (id, code, category) VALUES (NEXTVAL('s_mcc_code_id'), '9223', 9);
INSERT INTO mcc_code (id, code, category) VALUES (NEXTVAL('s_mcc_code_id'), '8011', 1);
INSERT INTO mcc_code (id, code, category) VALUES (NEXTVAL('s_mcc_code_id'), '9222', 9);
INSERT INTO mcc_code (id, code, category) VALUES (NEXTVAL('s_mcc_code_id'), '5661', 12);
INSERT INTO mcc_code (id, code, category) VALUES (NEXTVAL('s_mcc_code_id'), '5541', 11);
INSERT INTO mcc_code (id, code, category) VALUES (NEXTVAL('s_mcc_code_id'), '8931', 8);
INSERT INTO mcc_code (id, code, category) VALUES (NEXTVAL('s_mcc_code_id'), '5300', 10);
INSERT INTO mcc_code (id, code, category) VALUES (NEXTVAL('s_mcc_code_id'), '5542', 11);
INSERT INTO mcc_code (id, code, category) VALUES (NEXTVAL('s_mcc_code_id'), '5422', 10);
INSERT INTO mcc_code (id, code, category) VALUES (NEXTVAL('s_mcc_code_id'), '7841', 18);
INSERT INTO mcc_code (id, code, category) VALUES (NEXTVAL('s_mcc_code_id'), '3000', 3);
INSERT INTO mcc_code (id, code, category) VALUES (NEXTVAL('s_mcc_code_id'), '1731', 1);
INSERT INTO mcc_code (id, code, category) VALUES (NEXTVAL('s_mcc_code_id'), '5533', 11);
INSERT INTO mcc_code (id, code, category) VALUES (NEXTVAL('s_mcc_code_id'), '5655', 12);
INSERT INTO mcc_code (id, code, category) VALUES (NEXTVAL('s_mcc_code_id'), '7832', 18);
INSERT INTO mcc_code (id, code, category) VALUES (NEXTVAL('s_mcc_code_id'), '7297', 16);
INSERT INTO mcc_code (id, code, category) VALUES (NEXTVAL('s_mcc_code_id'), '7296', 16);
INSERT INTO mcc_code (id, code, category) VALUES (NEXTVAL('s_mcc_code_id'), '7299', 16);
INSERT INTO mcc_code (id, code, category) VALUES (NEXTVAL('s_mcc_code_id'), '4582', 6);
INSERT INTO mcc_code (id, code, category) VALUES (NEXTVAL('s_mcc_code_id'), '7298', 16);
INSERT INTO mcc_code (id, code, category) VALUES (NEXTVAL('s_mcc_code_id'), '5551', 11);
INSERT INTO mcc_code (id, code, category) VALUES (NEXTVAL('s_mcc_code_id'), '5310', 10);
INSERT INTO mcc_code (id, code, category) VALUES (NEXTVAL('s_mcc_code_id'), '5311', 10);
INSERT INTO mcc_code (id, code, category) VALUES (NEXTVAL('s_mcc_code_id'), '8021', 2);
INSERT INTO mcc_code (id, code, category) VALUES (NEXTVAL('s_mcc_code_id'), '763', 1);
INSERT INTO mcc_code (id, code, category) VALUES (NEXTVAL('s_mcc_code_id'), '1740', 1);
INSERT INTO mcc_code (id, code, category) VALUES (NEXTVAL('s_mcc_code_id'), '4214', 6);
INSERT INTO mcc_code (id, code, category) VALUES (NEXTVAL('s_mcc_code_id'), '4215', 6);
INSERT INTO mcc_code (id, code, category) VALUES (NEXTVAL('s_mcc_code_id'), '4457', 6);
INSERT INTO mcc_code (id, code, category) VALUES (NEXTVAL('s_mcc_code_id'), '5309', 10);
INSERT INTO mcc_code (id, code, category) VALUES (NEXTVAL('s_mcc_code_id'), '8398', 6);
INSERT INTO mcc_code (id, code, category) VALUES (NEXTVAL('s_mcc_code_id'), '5681', 12);
INSERT INTO mcc_code (id, code, category) VALUES (NEXTVAL('s_mcc_code_id'), '5561', 11);
INSERT INTO mcc_code (id, code, category) VALUES (NEXTVAL('s_mcc_code_id'), '5441', 10);
INSERT INTO mcc_code (id, code, category) VALUES (NEXTVAL('s_mcc_code_id'), '4111', 6);
INSERT INTO mcc_code (id, code, category) VALUES (NEXTVAL('s_mcc_code_id'), '5200', 10);
INSERT INTO mcc_code (id, code, category) VALUES (NEXTVAL('s_mcc_code_id'), '4112', 6);
INSERT INTO mcc_code (id, code, category) VALUES (NEXTVAL('s_mcc_code_id'), '7622', 17);
INSERT INTO mcc_code (id, code, category) VALUES (NEXTVAL('s_mcc_code_id'), '8031', 2);
INSERT INTO mcc_code (id, code, category) VALUES (NEXTVAL('s_mcc_code_id'), '2842', 2);
INSERT INTO mcc_code (id, code, category) VALUES (NEXTVAL('s_mcc_code_id'), '1750', 1);
INSERT INTO mcc_code (id, code, category) VALUES (NEXTVAL('s_mcc_code_id'), '4225', 6);
INSERT INTO mcc_code (id, code, category) VALUES (NEXTVAL('s_mcc_code_id'), '4468', 6);
INSERT INTO mcc_code (id, code, category) VALUES (NEXTVAL('s_mcc_code_id'), '4900', 7);
INSERT INTO mcc_code (id, code, category) VALUES (NEXTVAL('s_mcc_code_id'), '5691', 12);
INSERT INTO mcc_code (id, code, category) VALUES (NEXTVAL('s_mcc_code_id'), '5571', 11);
INSERT INTO mcc_code (id, code, category) VALUES (NEXTVAL('s_mcc_code_id'), '7992', 18);
INSERT INTO mcc_code (id, code, category) VALUES (NEXTVAL('s_mcc_code_id'), '5451', 10);
INSERT INTO mcc_code (id, code, category) VALUES (NEXTVAL('s_mcc_code_id'), '7991', 18);
INSERT INTO mcc_code (id, code, category) VALUES (NEXTVAL('s_mcc_code_id'), '4121', 6);
INSERT INTO mcc_code (id, code, category) VALUES (NEXTVAL('s_mcc_code_id'), '5331', 10);
INSERT INTO mcc_code (id, code, category) VALUES (NEXTVAL('s_mcc_code_id'), '6300', 16);
INSERT INTO mcc_code (id, code, category) VALUES (NEXTVAL('s_mcc_code_id'), '7631', 17);
INSERT INTO mcc_code (id, code, category) VALUES (NEXTVAL('s_mcc_code_id'), '7994', 18);
INSERT INTO mcc_code (id, code, category) VALUES (NEXTVAL('s_mcc_code_id'), '5211', 10);
INSERT INTO mcc_code (id, code, category) VALUES (NEXTVAL('s_mcc_code_id'), '7993', 18);
INSERT INTO mcc_code (id, code, category) VALUES (NEXTVAL('s_mcc_code_id'), '7512', 4);
INSERT INTO mcc_code (id, code, category) VALUES (NEXTVAL('s_mcc_code_id'), '7996', 1);
INSERT INTO mcc_code (id, code, category) VALUES (NEXTVAL('s_mcc_code_id'), '5697', 12);
INSERT INTO mcc_code (id, code, category) VALUES (NEXTVAL('s_mcc_code_id'), '7995', 18);
INSERT INTO mcc_code (id, code, category) VALUES (NEXTVAL('s_mcc_code_id'), '8049', 5);
INSERT INTO mcc_code (id, code, category) VALUES (NEXTVAL('s_mcc_code_id'), '8042', 3);
INSERT INTO mcc_code (id, code, category) VALUES (NEXTVAL('s_mcc_code_id'), '8043', 4);
INSERT INTO mcc_code (id, code, category) VALUES (NEXTVAL('s_mcc_code_id'), '780', 1);
INSERT INTO mcc_code (id, code, category) VALUES (NEXTVAL('s_mcc_code_id'), '8041', 2);
INSERT INTO mcc_code (id, code, category) VALUES (NEXTVAL('s_mcc_code_id'), '1520', 1);
INSERT INTO mcc_code (id, code, category) VALUES (NEXTVAL('s_mcc_code_id'), '1761', 1);
INSERT INTO mcc_code (id, code, category) VALUES (NEXTVAL('s_mcc_code_id'), '7623', 17);
INSERT INTO mcc_code (id, code, category) VALUES (NEXTVAL('s_mcc_code_id'), '4119', 6);
INSERT INTO mcc_code (id, code, category) VALUES (NEXTVAL('s_mcc_code_id'), '7629', 17);
INSERT INTO mcc_code (id, code, category) VALUES (NEXTVAL('s_mcc_code_id'), '8299', 6);
INSERT INTO mcc_code (id, code, category) VALUES (NEXTVAL('s_mcc_code_id'), '4131', 6);
INSERT INTO mcc_code (id, code, category) VALUES (NEXTVAL('s_mcc_code_id'), '5462', 10);
INSERT INTO mcc_code (id, code, category) VALUES (NEXTVAL('s_mcc_code_id'), '4011', 6);
INSERT INTO mcc_code (id, code, category) VALUES (NEXTVAL('s_mcc_code_id'), '7641', 17);
INSERT INTO mcc_code (id, code, category) VALUES (NEXTVAL('s_mcc_code_id'), '7523', 17);
INSERT INTO mcc_code (id, code, category) VALUES (NEXTVAL('s_mcc_code_id'), '8050', 6);
INSERT INTO mcc_code (id, code, category) VALUES (NEXTVAL('s_mcc_code_id'), '2741', 2);
INSERT INTO mcc_code (id, code, category) VALUES (NEXTVAL('s_mcc_code_id'), '1771', 1);
INSERT INTO mcc_code (id, code, category) VALUES (NEXTVAL('s_mcc_code_id'), '5698', 12);
INSERT INTO mcc_code (id, code, category) VALUES (NEXTVAL('s_mcc_code_id'), '7998', 1);
INSERT INTO mcc_code (id, code, category) VALUES (NEXTVAL('s_mcc_code_id'), '5699', 12);
INSERT INTO mcc_code (id, code, category) VALUES (NEXTVAL('s_mcc_code_id'), '7513', 4);
INSERT INTO mcc_code (id, code, category) VALUES (NEXTVAL('s_mcc_code_id'), '7997', 1);
INSERT INTO mcc_code (id, code, category) VALUES (NEXTVAL('s_mcc_code_id'), '7999', 1);
INSERT INTO mcc_code (id, code, category) VALUES (NEXTVAL('s_mcc_code_id'), '7519', 4);
INSERT INTO mcc_code (id, code, category) VALUES (NEXTVAL('s_mcc_code_id'), '9399', 9);
INSERT INTO mcc_code (id, code, category) VALUES (NEXTVAL('s_mcc_code_id'), '5592', 11);
INSERT INTO mcc_code (id, code, category) VALUES (NEXTVAL('s_mcc_code_id'), '5231', 10);
INSERT INTO mcc_code (id, code, category) VALUES (NEXTVAL('s_mcc_code_id'), '5111', 9);
INSERT INTO mcc_code (id, code, category) VALUES (NEXTVAL('s_mcc_code_id'), '7531', 17);
INSERT INTO mcc_code (id, code, category) VALUES (NEXTVAL('s_mcc_code_id'), '7534', 17);
INSERT INTO mcc_code (id, code, category) VALUES (NEXTVAL('s_mcc_code_id'), '5598', 11);
INSERT INTO mcc_code (id, code, category) VALUES (NEXTVAL('s_mcc_code_id'), '8062', 6);
INSERT INTO mcc_code (id, code, category) VALUES (NEXTVAL('s_mcc_code_id'), '4815', 7);
INSERT INTO mcc_code (id, code, category) VALUES (NEXTVAL('s_mcc_code_id'), '4816', 7);
INSERT INTO mcc_code (id, code, category) VALUES (NEXTVAL('s_mcc_code_id'), '8734', 7);
INSERT INTO mcc_code (id, code, category) VALUES (NEXTVAL('s_mcc_code_id'), '4812', 7);
INSERT INTO mcc_code (id, code, category) VALUES (NEXTVAL('s_mcc_code_id'), '4813', 7);
INSERT INTO mcc_code (id, code, category) VALUES (NEXTVAL('s_mcc_code_id'), '4814', 7);
INSERT INTO mcc_code (id, code, category) VALUES (NEXTVAL('s_mcc_code_id'), '5122', 9);
INSERT INTO mcc_code (id, code, category) VALUES (NEXTVAL('s_mcc_code_id'), '6211', 16);
INSERT INTO mcc_code (id, code, category) VALUES (NEXTVAL('s_mcc_code_id'), '7542', 17);
INSERT INTO mcc_code (id, code, category) VALUES (NEXTVAL('s_mcc_code_id'), '8071', 6);
INSERT INTO mcc_code (id, code, category) VALUES (NEXTVAL('s_mcc_code_id'), '1799', 1);
INSERT INTO mcc_code (id, code, category) VALUES (NEXTVAL('s_mcc_code_id'), '4829', 8);
INSERT INTO mcc_code (id, code, category) VALUES (NEXTVAL('s_mcc_code_id'), '5599', 11);
INSERT INTO mcc_code (id, code, category) VALUES (NEXTVAL('s_mcc_code_id'), '7535', 17);
INSERT INTO mcc_code (id, code, category) VALUES (NEXTVAL('s_mcc_code_id'), '7538', 17);
INSERT INTO mcc_code (id, code, category) VALUES (NEXTVAL('s_mcc_code_id'), '4821', 7);
INSERT INTO mcc_code (id, code, category) VALUES (NEXTVAL('s_mcc_code_id'), '5912', 13);
INSERT INTO mcc_code (id, code, category) VALUES (NEXTVAL('s_mcc_code_id'), '5251', 10);
INSERT INTO mcc_code (id, code, category) VALUES (NEXTVAL('s_mcc_code_id'), '8641', 6);
INSERT INTO mcc_code (id, code, category) VALUES (NEXTVAL('s_mcc_code_id'), '5131', 9);
INSERT INTO mcc_code (id, code, category) VALUES (NEXTVAL('s_mcc_code_id'), '5013', 9);
INSERT INTO mcc_code (id, code, category) VALUES (NEXTVAL('s_mcc_code_id'), '7311', 16);
INSERT INTO mcc_code (id, code, category) VALUES (NEXTVAL('s_mcc_code_id'), '5499', 10);
INSERT INTO mcc_code (id, code, category) VALUES (NEXTVAL('s_mcc_code_id'), '3501', 5);
INSERT INTO mcc_code (id, code, category) VALUES (NEXTVAL('s_mcc_code_id'), '7549', 17);
INSERT INTO mcc_code (id, code, category) VALUES (NEXTVAL('s_mcc_code_id'), '5921', 13);
INSERT INTO mcc_code (id, code, category) VALUES (NEXTVAL('s_mcc_code_id'), '8999', 7);
